"","weibull","lognormal","loglogistic"
"AIC",14096.8761245244,14206.3750617667,14126.1583643605
"BIC",14358.7476449267,14468.246582169,14388.0298847628
