"","df","AIC"
"aft_model",37,14096.8761245244
"aft_model_time",39,3263.4468275808
"selected_model",39,3263.4468275808
"aft_model_strata",24,3237.65104617008
